brand_name,domain,target_market
Trinny London,trinnylondon.com,GB
Beauty Pie,beautypie.com,GB
Medik8,medik8.com,GB
Pai Skincare,paiskincare.com,GB
BYOMA,byoma.com,GB
Evolve Organic Beauty,evolvebeauty.co.uk,GB
UpCircle Beauty,upcirclebeauty.com,GB
FaceGym,facegym.com,GB
Tropic Skincare,tropicskincare.com,GB
Revolution Beauty,revolutionbeauty.com,GB
Neal's Yard Remedies,nealsyardremedies.com,GB
Liz Earle,lizearle.com,GB
ELEMIS,elemis.com,GB
REN Clean Skincare,renskincare.com,GB
La Roche-Posay,laroche-posay.co.uk,GB
CeraVe,cerave.co.uk,GB
NARS,narscosmetics.co.uk,GB
Jo Malone London,jomalone.co.uk,GB
Aesop,aesop.com,GB
ESPA,espaskincare.com,GB
